horizon_days,repetition,et_seconds,sm_seconds,pair_seconds,resource,gpu_count,supporting_cpu_cores,batch_size,slurm_job_id,target_date
7,1,0.19306944776326418,0.18849757593125105,0.38157125283032656,NVIDIA A40,1,8,1,6499038,2020-07-01
7,2,0.20005917269736528,0.19389583729207516,0.3939596489071846,NVIDIA A40,1,8,1,6499038,2020-07-01
7,3,0.20067436527460814,0.19358186423778534,0.3942624507471919,NVIDIA A40,1,8,1,6499038,2020-07-01
7,4,0.20023644249886274,0.19375465530902147,0.3939971914514899,NVIDIA A40,1,8,1,6499038,2020-07-01
7,5,0.20020839851349592,0.19372450839728117,0.3939388692378998,NVIDIA A40,1,8,1,6499038,2020-07-01
7,6,0.20014411490410566,0.19362615048885345,0.3937755851075053,NVIDIA A40,1,8,1,6499038,2020-07-01
7,7,0.2003984348848462,0.1934370556846261,0.39384109154343605,NVIDIA A40,1,8,1,6499038,2020-07-01
7,8,0.20019116532057524,0.19361962750554085,0.3938159020617604,NVIDIA A40,1,8,1,6499038,2020-07-01
7,9,0.19214719533920288,0.18782153632491827,0.3799744425341487,NVIDIA A40,1,8,1,6499038,2020-07-01
7,10,0.1979193976148963,0.19332447927445173,0.39124905597418547,NVIDIA A40,1,8,1,6499038,2020-07-01
7,11,0.20053174067288637,0.19413677137345076,0.3946734815835953,NVIDIA A40,1,8,1,6499038,2020-07-01
7,12,0.20031127613037825,0.1935871634632349,0.39390349108725786,NVIDIA A40,1,8,1,6499038,2020-07-01
7,13,0.20065131038427353,0.19379337038844824,0.39444908034056425,NVIDIA A40,1,8,1,6499038,2020-07-01
7,14,0.20005048532038927,0.19347568042576313,0.3935320656746626,NVIDIA A40,1,8,1,6499038,2020-07-01
7,15,0.20002020709216595,0.19347869511693716,0.39350567664951086,NVIDIA A40,1,8,1,6499038,2020-07-01
7,16,0.20024872571229935,0.1934657311066985,0.39371972624212503,NVIDIA A40,1,8,1,6499038,2020-07-01
7,17,0.20007465220987797,0.19329670630395412,0.39337675645947456,NVIDIA A40,1,8,1,6499038,2020-07-01
7,18,0.19995800033211708,0.19367844983935356,0.39364275336265564,NVIDIA A40,1,8,1,6499038,2020-07-01
7,19,0.20021479204297066,0.18337861075997353,0.383598824031651,NVIDIA A40,1,8,1,6499038,2020-07-01
7,20,0.18961327150464058,0.18545521516352892,0.37507261615246534,NVIDIA A40,1,8,1,6499038,2020-07-01
7,21,0.1909383414313197,0.18618856463581324,0.377130544744432,NVIDIA A40,1,8,1,6499038,2020-07-01
7,22,0.19245670083910227,0.18639803770929575,0.3788593877106905,NVIDIA A40,1,8,1,6499038,2020-07-01
7,23,0.19166529830545187,0.1865300815552473,0.3782010618597269,NVIDIA A40,1,8,1,6499038,2020-07-01
7,24,0.19209834188222885,0.1871522394940257,0.37925495859235525,NVIDIA A40,1,8,1,6499038,2020-07-01
7,25,0.19262670818716288,0.18609169032424688,0.37872228492051363,NVIDIA A40,1,8,1,6499038,2020-07-01
7,26,0.19157245010137558,0.18603465892374516,0.3776115793734789,NVIDIA A40,1,8,1,6499038,2020-07-01
7,27,0.19249947275966406,0.1854944694787264,0.3779977010563016,NVIDIA A40,1,8,1,6499038,2020-07-01
7,28,0.19208959490060806,0.186096859164536,0.3781906124204397,NVIDIA A40,1,8,1,6499038,2020-07-01
7,29,0.19272258318960667,0.1871211500838399,0.37984851095825434,NVIDIA A40,1,8,1,6499038,2020-07-01
7,30,0.1886655082926154,0.18642358761280775,0.3750940365716815,NVIDIA A40,1,8,1,6499038,2020-07-01
7,31,0.1916095819324255,0.18620967585593462,0.3778243074193597,NVIDIA A40,1,8,1,6499038,2020-07-01
7,32,0.19799137581139803,0.19321561977267265,0.3912127669900656,NVIDIA A40,1,8,1,6499038,2020-07-01
7,33,0.2009649546816945,0.1942100739106536,0.39518222119659185,NVIDIA A40,1,8,1,6499038,2020-07-01
7,34,0.20082711894065142,0.19372819643467665,0.3945603258907795,NVIDIA A40,1,8,1,6499038,2020-07-01
7,35,0.20077864546328783,0.19451656192541122,0.3953004404902458,NVIDIA A40,1,8,1,6499038,2020-07-01
7,36,0.20021903980523348,0.19384804740548134,0.39407226722687483,NVIDIA A40,1,8,1,6499038,2020-07-01
7,37,0.20031601656228304,0.19362018909305334,0.39394149649888277,NVIDIA A40,1,8,1,6499038,2020-07-01
7,38,0.2001544153317809,0.193565403111279,0.3937253598123789,NVIDIA A40,1,8,1,6499038,2020-07-01
7,39,0.1999972928315401,0.19392733927816153,0.3939294731244445,NVIDIA A40,1,8,1,6499038,2020-07-01
7,40,0.20008543320000172,0.18616878800094128,0.3862598305568099,NVIDIA A40,1,8,1,6499038,2020-07-01
7,41,0.1981010166928172,0.1938743768259883,0.3919797223061323,NVIDIA A40,1,8,1,6499038,2020-07-01
7,42,0.19009262416511774,0.18481807876378298,0.37491515278816223,NVIDIA A40,1,8,1,6499038,2020-07-01
7,43,0.1926103075966239,0.18485548067837954,0.3774698255583644,NVIDIA A40,1,8,1,6499038,2020-07-01
7,44,0.19648010935634375,0.1919146990403533,0.3883994873613119,NVIDIA A40,1,8,1,6499038,2020-07-01
7,45,0.19459034409374,0.18117894139140844,0.37577342242002487,NVIDIA A40,1,8,1,6499038,2020-07-01
7,46,0.19055027421563864,0.18695078138262033,0.3775055054575205,NVIDIA A40,1,8,1,6499038,2020-07-01
7,47,0.19362706132233143,0.18672766163945198,0.3803593423217535,NVIDIA A40,1,8,1,6499038,2020-07-01
7,48,0.19254679512232542,0.18698309361934662,0.3795352578163147,NVIDIA A40,1,8,1,6499038,2020-07-01
7,49,0.19182766135782003,0.18928426876664162,0.3811168000102043,NVIDIA A40,1,8,1,6499038,2020-07-01
7,50,0.19971623457968235,0.19324355386197567,0.3929658494889736,NVIDIA A40,1,8,1,6499038,2020-07-01
7,51,0.19974594004452229,0.1930508939549327,0.39280221424996853,NVIDIA A40,1,8,1,6499038,2020-07-01
7,52,0.19945700373500586,0.19354170747101307,0.39300332125276327,NVIDIA A40,1,8,1,6499038,2020-07-01
7,53,0.19957705680280924,0.19323676079511642,0.3928195182234049,NVIDIA A40,1,8,1,6499038,2020-07-01
7,54,0.1995572680607438,0.19380435347557068,0.39336651004850864,NVIDIA A40,1,8,1,6499038,2020-07-01
7,55,0.19959844648838043,0.19306607265025377,0.39266941882669926,NVIDIA A40,1,8,1,6499038,2020-07-01
7,56,0.19907578080892563,0.19067974388599396,0.3897609952837229,NVIDIA A40,1,8,1,6499038,2020-07-01
7,57,0.19648972805589437,0.19064144883304834,0.38713508378714323,NVIDIA A40,1,8,1,6499038,2020-07-01
7,58,0.19828815665096045,0.19058899953961372,0.3888816647231579,NVIDIA A40,1,8,1,6499038,2020-07-01
7,59,0.19812826812267303,0.1918433215469122,0.38997585885226727,NVIDIA A40,1,8,1,6499038,2020-07-01
7,60,0.19804656226187944,0.19174857158213854,0.38979917019605637,NVIDIA A40,1,8,1,6499038,2020-07-01
7,61,0.1979830414056778,0.19204531237483025,0.3900325018912554,NVIDIA A40,1,8,1,6499038,2020-07-01
7,62,0.19751404039561749,0.19187003560364246,0.3893887735903263,NVIDIA A40,1,8,1,6499038,2020-07-01
7,63,0.19071995373815298,0.18468119949102402,0.3754052883014083,NVIDIA A40,1,8,1,6499038,2020-07-01
7,64,0.1922507667914033,0.18555996846407652,0.37781499419361353,NVIDIA A40,1,8,1,6499038,2020-07-01
7,65,0.1923323441296816,0.1834908090531826,0.3758273310959339,NVIDIA A40,1,8,1,6499038,2020-07-01
7,66,0.19209512788802385,0.18566846754401922,0.37776853516697884,NVIDIA A40,1,8,1,6499038,2020-07-01
7,67,0.19179337844252586,0.1855538273230195,0.3773523746058345,NVIDIA A40,1,8,1,6499038,2020-07-01
7,68,0.19219829607754946,0.18566339742392302,0.37786616291850805,NVIDIA A40,1,8,1,6499038,2020-07-01
7,69,0.19238528609275818,0.18607043102383614,0.3784619690850377,NVIDIA A40,1,8,1,6499038,2020-07-01
7,70,0.19220901653170586,0.18494215980172157,0.377156687900424,NVIDIA A40,1,8,1,6499038,2020-07-01
7,71,0.19432696048170328,0.1932357707992196,0.3875677324831486,NVIDIA A40,1,8,1,6499038,2020-07-01
7,72,0.19925087969750166,0.19236777257174253,0.39162316266447306,NVIDIA A40,1,8,1,6499038,2020-07-01
7,73,0.19913215283304453,0.19372432213276625,0.3928607301786542,NVIDIA A40,1,8,1,6499038,2020-07-01
7,74,0.1991363102570176,0.1925299046561122,0.39167096372693777,NVIDIA A40,1,8,1,6499038,2020-07-01
7,75,0.1994455447420478,0.19258966948837042,0.39203995279967785,NVIDIA A40,1,8,1,6499038,2020-07-01
7,76,0.19943707808852196,0.19327585864812136,0.392717856913805,NVIDIA A40,1,8,1,6499038,2020-07-01
7,77,0.19963498041033745,0.19275106955319643,0.3923908481374383,NVIDIA A40,1,8,1,6499038,2020-07-01
7,78,0.19924258533865213,0.19297550152987242,0.3922225749120116,NVIDIA A40,1,8,1,6499038,2020-07-01
7,79,0.19943194929510355,0.19276817329227924,0.3922046907246113,NVIDIA A40,1,8,1,6499038,2020-07-01
7,80,0.1989299040287733,0.19247381575405598,0.3914085188880563,NVIDIA A40,1,8,1,6499038,2020-07-01
7,81,0.1989763928577304,0.1930842101573944,0.39206498116254807,NVIDIA A40,1,8,1,6499038,2020-07-01
7,82,0.19904262013733387,0.1925043947994709,0.39155133347958326,NVIDIA A40,1,8,1,6499038,2020-07-01
7,83,0.19888965599238873,0.192986361682415,0.39188064727932215,NVIDIA A40,1,8,1,6499038,2020-07-01
7,84,0.20101142674684525,0.1919468529522419,0.3929701028391719,NVIDIA A40,1,8,1,6499038,2020-07-01
7,85,0.19941916409879923,0.19345301017165184,0.3928763410076499,NVIDIA A40,1,8,1,6499038,2020-07-01
7,86,0.19920989219099283,0.1933717131614685,0.392586724832654,NVIDIA A40,1,8,1,6499038,2020-07-01
7,87,0.19940101820975542,0.1847187913954258,0.3841242687776685,NVIDIA A40,1,8,1,6499038,2020-07-01
7,88,0.19398373179137707,0.18773075379431248,0.38171849213540554,NVIDIA A40,1,8,1,6499038,2020-07-01
7,89,0.1918148985132575,0.1863634642213583,0.37818230129778385,NVIDIA A40,1,8,1,6499038,2020-07-01
7,90,0.19259583111852407,0.18825451098382473,0.38085500057786703,NVIDIA A40,1,8,1,6499038,2020-07-01
7,91,0.18903939984738827,0.1856626057997346,0.37470595352351665,NVIDIA A40,1,8,1,6499038,2020-07-01
7,92,0.19265896175056696,0.18688671104609966,0.3795509831979871,NVIDIA A40,1,8,1,6499038,2020-07-01
7,93,0.19310986902564764,0.1874481402337551,0.38056286983191967,NVIDIA A40,1,8,1,6499038,2020-07-01
7,94,0.19375279638916254,0.18732673674821854,0.3810842717066407,NVIDIA A40,1,8,1,6499038,2020-07-01
7,95,0.19306563399732113,0.1879540430381894,0.3810250787064433,NVIDIA A40,1,8,1,6499038,2020-07-01
7,96,0.20020556636154652,0.19367663003504276,0.39388650469481945,NVIDIA A40,1,8,1,6499038,2020-07-01
7,97,0.19692244194447994,0.18301544524729252,0.37994302716106176,NVIDIA A40,1,8,1,6499038,2020-07-01
7,98,0.19183037895709276,0.18622118048369884,0.37805589847266674,NVIDIA A40,1,8,1,6499038,2020-07-01
7,99,0.19282543193548918,0.18708621431142092,0.3799163457006216,NVIDIA A40,1,8,1,6499038,2020-07-01
7,100,0.1931335749104619,0.18696552142500877,0.3801035266369581,NVIDIA A40,1,8,1,6499038,2020-07-01
7,101,0.1924534672871232,0.1861321097239852,0.37858964409679174,NVIDIA A40,1,8,1,6499038,2020-07-01
7,102,0.20017472747713327,0.19525989517569542,0.39543941244482994,NVIDIA A40,1,8,1,6499038,2020-07-01
7,103,0.20088889077305794,0.19525552727282047,0.39615038968622684,NVIDIA A40,1,8,1,6499038,2020-07-01
7,104,0.20167225878685713,0.19581267796456814,0.39749006647616625,NVIDIA A40,1,8,1,6499038,2020-07-01
7,105,0.202109488658607,0.19535857532173395,0.3974731834605336,NVIDIA A40,1,8,1,6499038,2020-07-01
7,106,0.2015744298696518,0.19420261215418577,0.3957820814102888,NVIDIA A40,1,8,1,6499038,2020-07-01
7,107,0.20158727560192347,0.194595105946064,0.3961878623813391,NVIDIA A40,1,8,1,6499038,2020-07-01
7,108,0.20107060112059116,0.1948115024715662,0.3958953693509102,NVIDIA A40,1,8,1,6499038,2020-07-01
7,109,0.20128639601171017,0.19468879606574774,0.3959805527701974,NVIDIA A40,1,8,1,6499038,2020-07-01
7,110,0.20151274092495441,0.19517118390649557,0.3966890759766102,NVIDIA A40,1,8,1,6499038,2020-07-01
7,111,0.2013570424169302,0.1948743825778365,0.39623561315238476,NVIDIA A40,1,8,1,6499038,2020-07-01
7,112,0.20059866271913052,0.19509629998356104,0.3956997934728861,NVIDIA A40,1,8,1,6499038,2020-07-01
7,113,0.20045245252549648,0.19369915314018726,0.394156014546752,NVIDIA A40,1,8,1,6499038,2020-07-01
7,114,0.1976510938256979,0.19119103997945786,0.3888468025252223,NVIDIA A40,1,8,1,6499038,2020-07-01
7,115,0.1983634540811181,0.1847873842343688,0.3831555265933275,NVIDIA A40,1,8,1,6499038,2020-07-01
7,116,0.18954751919955015,0.18778993841260672,0.37734257616102695,NVIDIA A40,1,8,1,6499038,2020-07-01
7,117,0.19339720346033573,0.18742804136127234,0.3808293528854847,NVIDIA A40,1,8,1,6499038,2020-07-01
7,118,0.19368429481983185,0.1878810040652752,0.38156987726688385,NVIDIA A40,1,8,1,6499038,2020-07-01
7,119,0.194967201910913,0.18992013484239578,0.3848927579820156,NVIDIA A40,1,8,1,6499038,2020-07-01
7,120,0.1969410888850689,0.1905799238011241,0.38752660248428583,NVIDIA A40,1,8,1,6499038,2020-07-01
7,121,0.1958050448447466,0.19065719190984964,0.38646723609417677,NVIDIA A40,1,8,1,6499038,2020-07-01
7,122,0.19688545260578394,0.19051174353808165,0.3874021843075752,NVIDIA A40,1,8,1,6499038,2020-07-01
7,123,0.19722356088459492,0.19063539151102304,0.3878638120368123,NVIDIA A40,1,8,1,6499038,2020-07-01
7,124,0.19670982379466295,0.18140548933297396,0.3781199213117361,NVIDIA A40,1,8,1,6499038,2020-07-01
7,125,0.19072412140667439,0.19114309828728437,0.381872920319438,NVIDIA A40,1,8,1,6499038,2020-07-01
7,126,0.20210966933518648,0.19520482886582613,0.3973187068477273,NVIDIA A40,1,8,1,6499038,2020-07-01
7,127,0.20100030582398176,0.19459703098982573,0.39560311660170555,NVIDIA A40,1,8,1,6499038,2020-07-01
7,128,0.20134544931352139,0.19551481679081917,0.39686479326337576,NVIDIA A40,1,8,1,6499038,2020-07-01
7,129,0.20144600328058004,0.1946948580443859,0.3961450392380357,NVIDIA A40,1,8,1,6499038,2020-07-01
7,130,0.2013721913099289,0.19454721454530954,0.395923993550241,NVIDIA A40,1,8,1,6499038,2020-07-01
7,131,0.20146309584379196,0.19470953568816185,0.3961781729012728,NVIDIA A40,1,8,1,6499038,2020-07-01
7,132,0.2009884025901556,0.19432722218334675,0.3953211950138211,NVIDIA A40,1,8,1,6499038,2020-07-01
7,133,0.20079609286040068,0.19487056694924831,0.3956707864999771,NVIDIA A40,1,8,1,6499038,2020-07-01
7,134,0.20137260109186172,0.19483385607600212,0.3962116576731205,NVIDIA A40,1,8,1,6499038,2020-07-01
7,135,0.20165759976953268,0.19471665937453508,0.3963785981759429,NVIDIA A40,1,8,1,6499038,2020-07-01
7,136,0.20185574050992727,0.19353332370519638,0.39539310336112976,NVIDIA A40,1,8,1,6499038,2020-07-01
7,137,0.20071369409561157,0.19367606937885284,0.3943948233500123,NVIDIA A40,1,8,1,6499038,2020-07-01
7,138,0.2003722582012415,0.19364462792873383,0.39402166567742825,NVIDIA A40,1,8,1,6499038,2020-07-01
7,139,0.2005978710949421,0.18780276272445917,0.3884055335074663,NVIDIA A40,1,8,1,6499038,2020-07-01
7,140,0.19210813380777836,0.18711046129465103,0.37922332249581814,NVIDIA A40,1,8,1,6499038,2020-07-01
7,141,0.18888854142278433,0.18414280284196138,0.3730372153222561,NVIDIA A40,1,8,1,6499038,2020-07-01
7,142,0.1914311619475484,0.18535002507269382,0.3767863670364022,NVIDIA A40,1,8,1,6499038,2020-07-01
7,143,0.19142086058855057,0.18537472188472748,0.37680067401379347,NVIDIA A40,1,8,1,6499038,2020-07-01
7,144,0.19153850805014372,0.18508157972246408,0.37662520725280046,NVIDIA A40,1,8,1,6499038,2020-07-01
7,145,0.1947822868824005,0.19069797173142433,0.38548432663083076,NVIDIA A40,1,8,1,6499038,2020-07-01
7,146,0.1999734416604042,0.1943503674119711,0.3943281751126051,NVIDIA A40,1,8,1,6499038,2020-07-01
7,147,0.19973434042185545,0.19031113758683205,0.3900502882897854,NVIDIA A40,1,8,1,6499038,2020-07-01
7,148,0.20128050539642572,0.19508089125156403,0.39636641554534435,NVIDIA A40,1,8,1,6499038,2020-07-01
7,149,0.2014153441414237,0.1950462544336915,0.39646648801863194,NVIDIA A40,1,8,1,6499038,2020-07-01
7,150,0.20196057297289371,0.19540149718523026,0.39736783131957054,NVIDIA A40,1,8,1,6499038,2020-07-01
7,151,0.20161769352853298,0.1935376925393939,0.39515976421535015,NVIDIA A40,1,8,1,6499038,2020-07-01
7,152,0.19062270689755678,0.1859869807958603,0.37661365512758493,NVIDIA A40,1,8,1,6499038,2020-07-01
7,153,0.1923107523471117,0.18708533328026533,0.37940068542957306,NVIDIA A40,1,8,1,6499038,2020-07-01
7,154,0.19291680864989758,0.1865865048021078,0.3795079719275236,NVIDIA A40,1,8,1,6499038,2020-07-01
7,155,0.19121014699339867,0.19210877548903227,0.3833232503384352,NVIDIA A40,1,8,1,6499038,2020-07-01
7,156,0.19835678208619356,0.1924503119662404,0.3908120933920145,NVIDIA A40,1,8,1,6499038,2020-07-01
7,157,0.1983442073687911,0.1931206714361906,0.39147107023745775,NVIDIA A40,1,8,1,6499038,2020-07-01
7,158,0.19885066151618958,0.19274568930268288,0.39160179160535336,NVIDIA A40,1,8,1,6499038,2020-07-01
7,159,0.19829138554632664,0.19267447292804718,0.3909705178812146,NVIDIA A40,1,8,1,6499038,2020-07-01
7,160,0.1986958123743534,0.1926992405205965,0.3913998045027256,NVIDIA A40,1,8,1,6499038,2020-07-01
7,161,0.19862725120037794,0.1925138747319579,0.39114632550626993,NVIDIA A40,1,8,1,6499038,2020-07-01
7,162,0.19827692955732346,0.1918484941124916,0.39013117272406816,NVIDIA A40,1,8,1,6499038,2020-07-01
7,163,0.19838882330805063,0.19225258100777864,0.3906463133171201,NVIDIA A40,1,8,1,6499038,2020-07-01
7,164,0.19907341990619898,0.19181293528527021,0.39089126605540514,NVIDIA A40,1,8,1,6499038,2020-07-01
7,165,0.19872491899877787,0.1929209567606449,0.3916516285389662,NVIDIA A40,1,8,1,6499038,2020-07-01
7,166,0.19900370575487614,0.19202266912907362,0.39103110413998365,NVIDIA A40,1,8,1,6499038,2020-07-01
7,167,0.19809583947062492,0.18919045198708773,0.3872917015105486,NVIDIA A40,1,8,1,6499038,2020-07-01
7,168,0.19743521977216005,0.1914149196818471,0.3888551890850067,NVIDIA A40,1,8,1,6499038,2020-07-01
7,169,0.19746639858931303,0.1914978502318263,0.3889689175412059,NVIDIA A40,1,8,1,6499038,2020-07-01
7,170,0.19791772682219744,0.19228148739784956,0.390204394236207,NVIDIA A40,1,8,1,6499038,2020-07-01
7,171,0.19785424508154392,0.19298178423196077,0.3908415986225009,NVIDIA A40,1,8,1,6499038,2020-07-01
7,172,0.19415043201297522,0.18404044676572084,0.37819515727460384,NVIDIA A40,1,8,1,6499038,2020-07-01
7,173,0.1908130319789052,0.18513426091521978,0.3759518526494503,NVIDIA A40,1,8,1,6499038,2020-07-01
7,174,0.1909417612478137,0.18604700546711683,0.3769940873607993,NVIDIA A40,1,8,1,6499038,2020-07-01
7,175,0.19042308256030083,0.18329591490328312,0.3737230049446225,NVIDIA A40,1,8,1,6499038,2020-07-01
7,176,0.18968307971954346,0.18736795708537102,0.37705536372959614,NVIDIA A40,1,8,1,6499038,2020-07-01
7,177,0.19574898574501276,0.1900634104385972,0.3858167855069041,NVIDIA A40,1,8,1,6499038,2020-07-01
7,178,0.19846281502395868,0.1913530519232154,0.38982072565704584,NVIDIA A40,1,8,1,6499038,2020-07-01
7,179,0.1980624059215188,0.1904610563069582,0.38852847181260586,NVIDIA A40,1,8,1,6499038,2020-07-01
7,180,0.1985742198303342,0.1927069053053856,0.3912864848971367,NVIDIA A40,1,8,1,6499038,2020-07-01
7,181,0.19941759202629328,0.19368559774011374,0.3931076182052493,NVIDIA A40,1,8,1,6499038,2020-07-01
7,182,0.1996134091168642,0.19420476537197828,0.39382318314164877,NVIDIA A40,1,8,1,6499038,2020-07-01
7,183,0.1998300151899457,0.19320534355938435,0.393039807677269,NVIDIA A40,1,8,1,6499038,2020-07-01
7,184,0.19880143646150827,0.1928376778960228,0.39164494536817074,NVIDIA A40,1,8,1,6499038,2020-07-01
7,185,0.19946423172950745,0.19318802189081907,0.3926570229232311,NVIDIA A40,1,8,1,6499038,2020-07-01
7,186,0.19915662333369255,0.19337290804833174,0.39253441989421844,NVIDIA A40,1,8,1,6499038,2020-07-01
7,187,0.19205638580024242,0.1816159961745143,0.37367672100663185,NVIDIA A40,1,8,1,6499038,2020-07-01
7,188,0.19152979459613562,0.1908444045111537,0.3823791779577732,NVIDIA A40,1,8,1,6499038,2020-07-01
7,189,0.20027643628418446,0.19372561667114496,0.39400653168559074,NVIDIA A40,1,8,1,6499038,2020-07-01
7,190,0.20030763559043407,0.19374561589211226,0.39405738841742277,NVIDIA A40,1,8,1,6499038,2020-07-01
7,191,0.19999615754932165,0.19364125467836857,0.3936424618586898,NVIDIA A40,1,8,1,6499038,2020-07-01
7,192,0.20033515896648169,0.19474667962640524,0.39508621767163277,NVIDIA A40,1,8,1,6499038,2020-07-01
7,193,0.2014298541471362,0.19442883972078562,0.39586320146918297,NVIDIA A40,1,8,1,6499038,2020-07-01
7,194,0.20129482448101044,0.19484266452491283,0.3961430611088872,NVIDIA A40,1,8,1,6499038,2020-07-01
7,195,0.2010735087096691,0.19421673100441694,0.3952955100685358,NVIDIA A40,1,8,1,6499038,2020-07-01
7,196,0.20071031991392374,0.19436193071305752,0.39507710095494986,NVIDIA A40,1,8,1,6499038,2020-07-01
7,197,0.20101668871939182,0.19426215812563896,0.3952839393168688,NVIDIA A40,1,8,1,6499038,2020-07-01
7,198,0.20040736813098192,0.19415091536939144,0.3945628711953759,NVIDIA A40,1,8,1,6499038,2020-07-01
7,199,0.20037187915295362,0.19077707454562187,0.39115450717508793,NVIDIA A40,1,8,1,6499038,2020-07-01
7,200,0.1954652527347207,0.19133067037910223,0.3868011627346277,NVIDIA A40,1,8,1,6499038,2020-07-01
30,1,0.22679769340902567,0.3766106562688947,0.6034136088564992,NVIDIA A40,1,8,1,6499038,2020-07-01
30,2,0.2260106485337019,0.3767357273027301,0.6027525868266821,NVIDIA A40,1,8,1,6499038,2020-07-01
30,3,0.2273886688053608,0.37645866349339485,0.6038524536415935,NVIDIA A40,1,8,1,6499038,2020-07-01
30,4,0.2268582098186016,0.37499840557575226,0.6018621549010277,NVIDIA A40,1,8,1,6499038,2020-07-01
30,5,0.23069442808628082,0.3664126107469201,0.5971122486516833,NVIDIA A40,1,8,1,6499038,2020-07-01
30,6,0.2204494420439005,0.36520879715681076,0.5856631882488728,NVIDIA A40,1,8,1,6499038,2020-07-01
30,7,0.21410565171390772,0.3628960680216551,0.5770069500431418,NVIDIA A40,1,8,1,6499038,2020-07-01
30,8,0.2186119183897972,0.3640171242877841,0.5826338026672602,NVIDIA A40,1,8,1,6499038,2020-07-01
30,9,0.21909024938941002,0.36299174185842276,0.5820869794115424,NVIDIA A40,1,8,1,6499038,2020-07-01
30,10,0.21919768583029509,0.3639338044449687,0.5831362484022975,NVIDIA A40,1,8,1,6499038,2020-07-01
30,11,0.21852116379886866,0.3639567382633686,0.582483503036201,NVIDIA A40,1,8,1,6499038,2020-07-01
30,12,0.2180446768179536,0.3626411883160472,0.5806910153478384,NVIDIA A40,1,8,1,6499038,2020-07-01
30,13,0.21802683360874653,0.36140324734151363,0.5794356809929013,NVIDIA A40,1,8,1,6499038,2020-07-01
30,14,0.2184032266959548,0.36205590330064297,0.5804646899923682,NVIDIA A40,1,8,1,6499038,2020-07-01
30,15,0.21758466307073832,0.36092374473810196,0.5785133969038725,NVIDIA A40,1,8,1,6499038,2020-07-01
30,16,0.21750734373927116,0.36263792123645544,0.5801508072763681,NVIDIA A40,1,8,1,6499038,2020-07-01
30,17,0.2187964441254735,0.3683032877743244,0.5871052630245686,NVIDIA A40,1,8,1,6499038,2020-07-01
30,18,0.2264988087117672,0.3780372207984328,0.6045407373458147,NVIDIA A40,1,8,1,6499038,2020-07-01
30,19,0.22748558595776558,0.3789006508886814,0.6064027491956949,NVIDIA A40,1,8,1,6499038,2020-07-01
30,20,0.2277038749307394,0.3764793137088418,0.604188971221447,NVIDIA A40,1,8,1,6499038,2020-07-01
30,21,0.22677045036107302,0.3759827883914113,0.6027581784874201,NVIDIA A40,1,8,1,6499038,2020-07-01
30,22,0.22712441068142653,0.3713979097083211,0.5985277118161321,NVIDIA A40,1,8,1,6499038,2020-07-01
30,23,0.2191647244617343,0.3774939840659499,0.5966638792306185,NVIDIA A40,1,8,1,6499038,2020-07-01
30,24,0.22693764697760344,0.377435602247715,0.6043789889663458,NVIDIA A40,1,8,1,6499038,2020-07-01
30,25,0.22654188610613346,0.3743078149855137,0.6008553430438042,NVIDIA A40,1,8,1,6499038,2020-07-01
30,26,0.22594677098095417,0.3758469261229038,0.6017991881817579,NVIDIA A40,1,8,1,6499038,2020-07-01
30,27,0.22625370137393475,0.37370089907199144,0.5999606410041451,NVIDIA A40,1,8,1,6499038,2020-07-01
30,28,0.22665421292185783,0.37681491766124964,0.6034752111881971,NVIDIA A40,1,8,1,6499038,2020-07-01
30,29,0.22656583227217197,0.37560429982841015,0.6021753810346127,NVIDIA A40,1,8,1,6499038,2020-07-01
30,30,0.2271494334563613,0.37725883163511753,0.6044135661795735,NVIDIA A40,1,8,1,6499038,2020-07-01
30,31,0.22693723533302546,0.376973744481802,0.603917021304369,NVIDIA A40,1,8,1,6499038,2020-07-01
30,32,0.22711834404617548,0.3761841347441077,0.6033089524134994,NVIDIA A40,1,8,1,6499038,2020-07-01
30,33,0.22693580482155085,0.37387928180396557,0.6008214671164751,NVIDIA A40,1,8,1,6499038,2020-07-01
30,34,0.22064572479575872,0.3591629061847925,0.5798134813085198,NVIDIA A40,1,8,1,6499038,2020-07-01
30,35,0.21876578964293003,0.36860691010951996,0.58737763017416,NVIDIA A40,1,8,1,6499038,2020-07-01
30,36,0.21952829603105783,0.36595780588686466,0.5854978142306209,NVIDIA A40,1,8,1,6499038,2020-07-01
30,37,0.22207640670239925,0.36993211042135954,0.5920136971399188,NVIDIA A40,1,8,1,6499038,2020-07-01
30,38,0.22331142239272594,0.37075383961200714,0.5940698105841875,NVIDIA A40,1,8,1,6499038,2020-07-01
30,39,0.22435022052377462,0.3663337491452694,0.5906895697116852,NVIDIA A40,1,8,1,6499038,2020-07-01
30,40,0.2184023605659604,0.3616456212475896,0.5800532819703221,NVIDIA A40,1,8,1,6499038,2020-07-01
30,41,0.22081282641738653,0.37255416344851255,0.5933723784983158,NVIDIA A40,1,8,1,6499038,2020-07-01
30,42,0.21685946267098188,0.35993588250130415,0.5768004059791565,NVIDIA A40,1,8,1,6499038,2020-07-01
30,43,0.21778504271060228,0.3659039819613099,0.583694345317781,NVIDIA A40,1,8,1,6499038,2020-07-01
30,44,0.2211356982588768,0.3661285936832428,0.5872705029323697,NVIDIA A40,1,8,1,6499038,2020-07-01
30,45,0.22002524230629206,0.3731925906613469,0.5932251457124949,NVIDIA A40,1,8,1,6499038,2020-07-01
30,46,0.22492843214422464,0.3757378160953522,0.6006719600409269,NVIDIA A40,1,8,1,6499038,2020-07-01
30,47,0.22593502886593342,0.3749084509909153,0.6008487697690725,NVIDIA A40,1,8,1,6499038,2020-07-01
30,48,0.2234563510864973,0.3761829314753413,0.5996440723538399,NVIDIA A40,1,8,1,6499038,2020-07-01
30,49,0.2270699217915535,0.3759915940463543,0.6030666558071971,NVIDIA A40,1,8,1,6499038,2020-07-01
30,50,0.2267098007723689,0.375220013782382,0.6019349852576852,NVIDIA A40,1,8,1,6499038,2020-07-01
30,51,0.2270491747185588,0.37639961298555136,0.6034546792507172,NVIDIA A40,1,8,1,6499038,2020-07-01
30,52,0.224110241048038,0.3718183320015669,0.5959346545860171,NVIDIA A40,1,8,1,6499038,2020-07-01
30,53,0.22424374800175428,0.37277141492813826,0.5970203634351492,NVIDIA A40,1,8,1,6499038,2020-07-01
30,54,0.22413216345012188,0.3720509186387062,0.5961891543120146,NVIDIA A40,1,8,1,6499038,2020-07-01
30,55,0.22398918773978949,0.37267740443348885,0.5966723635792732,NVIDIA A40,1,8,1,6499038,2020-07-01
30,56,0.22414734307676554,0.37189829628914595,0.5960512887686491,NVIDIA A40,1,8,1,6499038,2020-07-01
30,57,0.22066837083548307,0.3615829749032855,0.5822567064315081,NVIDIA A40,1,8,1,6499038,2020-07-01
30,58,0.22146059479564428,0.3582072714343667,0.57967284694314,NVIDIA A40,1,8,1,6499038,2020-07-01
30,59,0.21949466411024332,0.36421818286180496,0.5837176572531462,NVIDIA A40,1,8,1,6499038,2020-07-01
30,60,0.22247318178415298,0.3699507499113679,0.5924284299835563,NVIDIA A40,1,8,1,6499038,2020-07-01
30,61,0.22235608752816916,0.3704037107527256,0.5927646681666374,NVIDIA A40,1,8,1,6499038,2020-07-01
30,62,0.22594367805868387,0.36555527430027723,0.5915042031556368,NVIDIA A40,1,8,1,6499038,2020-07-01
30,63,0.21855882368981838,0.365657982416451,0.5842220978811383,NVIDIA A40,1,8,1,6499038,2020-07-01
30,64,0.22101041954010725,0.36667761392891407,0.5876927021890879,NVIDIA A40,1,8,1,6499038,2020-07-01
30,65,0.22121409140527248,0.3654515156522393,0.5866715777665377,NVIDIA A40,1,8,1,6499038,2020-07-01
30,66,0.2195555604994297,0.3651534216478467,0.5847137924283743,NVIDIA A40,1,8,1,6499038,2020-07-01
30,67,0.21984767261892557,0.3653588769957423,0.5852113896980882,NVIDIA A40,1,8,1,6499038,2020-07-01
30,68,0.22027624677866697,0.36471709329634905,0.5849976381286979,NVIDIA A40,1,8,1,6499038,2020-07-01
30,69,0.22046860679984093,0.36650386918336153,0.5869774660095572,NVIDIA A40,1,8,1,6499038,2020-07-01
30,70,0.22069488279521465,0.3664568802341819,0.5871574822813272,NVIDIA A40,1,8,1,6499038,2020-07-01
30,71,0.22035649232566357,0.371781631372869,0.5921431314200163,NVIDIA A40,1,8,1,6499038,2020-07-01
30,72,0.22709199599921703,0.37648412492126226,0.6035811714828014,NVIDIA A40,1,8,1,6499038,2020-07-01
30,73,0.22683031298220158,0.3684721365571022,0.5953079089522362,NVIDIA A40,1,8,1,6499038,2020-07-01
30,74,0.22032073233276606,0.3652449082583189,0.5855705393478274,NVIDIA A40,1,8,1,6499038,2020-07-01
30,75,0.21961250063031912,0.36514979507774115,0.5847680373117328,NVIDIA A40,1,8,1,6499038,2020-07-01
30,76,0.2197794709354639,0.36526593938469887,0.5850502494722605,NVIDIA A40,1,8,1,6499038,2020-07-01
30,77,0.22059001121670008,0.36577877402305603,0.5863739540800452,NVIDIA A40,1,8,1,6499038,2020-07-01
30,78,0.22093518637120724,0.365973767824471,0.5869148159399629,NVIDIA A40,1,8,1,6499038,2020-07-01
30,79,0.21989069785922766,0.36426656413823366,0.5841622520238161,NVIDIA A40,1,8,1,6499038,2020-07-01
30,80,0.21889385115355253,0.3628518031910062,0.5817512348294258,NVIDIA A40,1,8,1,6499038,2020-07-01
30,81,0.2221242245286703,0.3565539987757802,0.5786831332370639,NVIDIA A40,1,8,1,6499038,2020-07-01
30,82,0.21653434168547392,0.36271213460713625,0.5792523883283138,NVIDIA A40,1,8,1,6499038,2020-07-01
30,83,0.21920811478048563,0.36318980250507593,0.5824030693620443,NVIDIA A40,1,8,1,6499038,2020-07-01
30,84,0.2193262716755271,0.363612606190145,0.5829436285421252,NVIDIA A40,1,8,1,6499038,2020-07-01
30,85,0.2194055961444974,0.3630386721342802,0.5824501989409328,NVIDIA A40,1,8,1,6499038,2020-07-01
30,86,0.21788624301552773,0.3627734621986747,0.5806644456461072,NVIDIA A40,1,8,1,6499038,2020-07-01
30,87,0.21885591745376587,0.3652817476540804,0.5841426840052009,NVIDIA A40,1,8,1,6499038,2020-07-01
30,88,0.22192273661494255,0.36042460333555937,0.5823523811995983,NVIDIA A40,1,8,1,6499038,2020-07-01
30,89,0.21954638604074717,0.3646447118371725,0.5841963067650795,NVIDIA A40,1,8,1,6499038,2020-07-01
30,90,0.22990193497389555,0.3801429430022836,0.6100512184202671,NVIDIA A40,1,8,1,6499038,2020-07-01
30,91,0.23072348535060883,0.380385878495872,0.6111153857782483,NVIDIA A40,1,8,1,6499038,2020-07-01
30,92,0.220022551715374,0.36317327059805393,0.5832008616998792,NVIDIA A40,1,8,1,6499038,2020-07-01
30,93,0.2192479521036148,0.36378556955605745,0.5830385694280267,NVIDIA A40,1,8,1,6499038,2020-07-01
30,94,0.21847725845873356,0.3707943195477128,0.5892780730500817,NVIDIA A40,1,8,1,6499038,2020-07-01
30,95,0.2287270948290825,0.3806925602257252,0.609425837174058,NVIDIA A40,1,8,1,6499038,2020-07-01
30,96,0.2303173542022705,0.380555035546422,0.6108778091147542,NVIDIA A40,1,8,1,6499038,2020-07-01
30,97,0.229686189442873,0.371299141086638,0.6009918535128236,NVIDIA A40,1,8,1,6499038,2020-07-01
30,98,0.2172102713957429,0.36615076940506697,0.5833671130239964,NVIDIA A40,1,8,1,6499038,2020-07-01
30,99,0.2204318791627884,0.3661639029160142,0.5866015143692493,NVIDIA A40,1,8,1,6499038,2020-07-01
30,100,0.21943187527358532,0.3665408296510577,0.5859780348837376,NVIDIA A40,1,8,1,6499038,2020-07-01
30,101,0.22055209055542946,0.3655272899195552,0.5860840287059546,NVIDIA A40,1,8,1,6499038,2020-07-01
30,102,0.2203489001840353,0.36649923864752054,0.5868535991758108,NVIDIA A40,1,8,1,6499038,2020-07-01
30,103,0.2208041362464428,0.3654795866459608,0.5862884428352118,NVIDIA A40,1,8,1,6499038,2020-07-01
30,104,0.22035941947251558,0.36622208543121815,0.5865863850340247,NVIDIA A40,1,8,1,6499038,2020-07-01
30,105,0.2205875739455223,0.36670600436627865,0.5872996607795358,NVIDIA A40,1,8,1,6499038,2020-07-01
30,106,0.22016125079244375,0.36752056144177914,0.5876868218183517,NVIDIA A40,1,8,1,6499038,2020-07-01
30,107,0.22060200851410627,0.3682271307334304,0.5888344999402761,NVIDIA A40,1,8,1,6499038,2020-07-01
30,108,0.22410663031041622,0.37292226403951645,0.5970347048714757,NVIDIA A40,1,8,1,6499038,2020-07-01
30,109,0.23009511083364487,0.36729900538921356,0.5973990159109235,NVIDIA A40,1,8,1,6499038,2020-07-01
30,110,0.21919525042176247,0.3658079570159316,0.585008829832077,NVIDIA A40,1,8,1,6499038,2020-07-01
30,111,0.2271510874852538,0.38025952968746424,0.6074160570278764,NVIDIA A40,1,8,1,6499038,2020-07-01
30,112,0.22770705539733171,0.3786301454529166,0.6063425820320845,NVIDIA A40,1,8,1,6499038,2020-07-01
30,113,0.22791750077158213,0.37895213440060616,0.6068765986710787,NVIDIA A40,1,8,1,6499038,2020-07-01
30,114,0.2292888993397355,0.37832202203571796,0.6076165726408362,NVIDIA A40,1,8,1,6499038,2020-07-01
30,115,0.22615486104041338,0.3772573946043849,0.6034183958545327,NVIDIA A40,1,8,1,6499038,2020-07-01
30,116,0.22881337441504002,0.3784214938059449,0.6072395080700517,NVIDIA A40,1,8,1,6499038,2020-07-01
30,117,0.22645085025578737,0.3762570098042488,0.6027125380933285,NVIDIA A40,1,8,1,6499038,2020-07-01
30,118,0.22744075488299131,0.3754592454060912,0.6029047891497612,NVIDIA A40,1,8,1,6499038,2020-07-01
30,119,0.22666791640222073,0.3763370029628277,0.6030109114944935,NVIDIA A40,1,8,1,6499038,2020-07-01
30,120,0.2272059414535761,0.3766225026920438,0.6038335850462317,NVIDIA A40,1,8,1,6499038,2020-07-01
30,121,0.22718723770231009,0.373146946541965,0.600340073928237,NVIDIA A40,1,8,1,6499038,2020-07-01
30,122,0.21792089939117432,0.36543274484574795,0.5833590449765325,NVIDIA A40,1,8,1,6499038,2020-07-01
30,123,0.22024832759052515,0.3731486489996314,0.5934029296040535,NVIDIA A40,1,8,1,6499038,2020-07-01
30,124,0.23022843804210424,0.38398279156535864,0.6142171118408442,NVIDIA A40,1,8,1,6499038,2020-07-01
30,125,0.2305053500458598,0.3813400883227587,0.6118508791550994,NVIDIA A40,1,8,1,6499038,2020-07-01
30,126,0.22787758521735668,0.36442477628588676,0.5923085827380419,NVIDIA A40,1,8,1,6499038,2020-07-01
30,127,0.21707158628851175,0.36241522151976824,0.579491495154798,NVIDIA A40,1,8,1,6499038,2020-07-01
30,128,0.21820650901645422,0.3618209781125188,0.5800327267497778,NVIDIA A40,1,8,1,6499038,2020-07-01
30,129,0.21829755324870348,0.3622849900275469,0.5805873135104775,NVIDIA A40,1,8,1,6499038,2020-07-01
30,130,0.21810492407530546,0.36162247508764267,0.5797319477424026,NVIDIA A40,1,8,1,6499038,2020-07-01
30,131,0.21962812449783087,0.36862478591501713,0.5882580699399114,NVIDIA A40,1,8,1,6499038,2020-07-01
30,132,0.22220374923199415,0.37205393239855766,0.5942620495334268,NVIDIA A40,1,8,1,6499038,2020-07-01
30,133,0.2233196757733822,0.3704667156562209,0.5937912212684751,NVIDIA A40,1,8,1,6499038,2020-07-01
30,134,0.2237851619720459,0.3714273842051625,0.5952164037153125,NVIDIA A40,1,8,1,6499038,2020-07-01
30,135,0.2241768455132842,0.3737748712301254,0.5979562047868967,NVIDIA A40,1,8,1,6499038,2020-07-01
30,136,0.22620494849979877,0.3722360208630562,0.5984461680054665,NVIDIA A40,1,8,1,6499038,2020-07-01
30,137,0.22420220356434584,0.37198804318904877,0.5961940540000796,NVIDIA A40,1,8,1,6499038,2020-07-01
30,138,0.22445201501250267,0.3715437175706029,0.5960003407672048,NVIDIA A40,1,8,1,6499038,2020-07-01
30,139,0.22423460613936186,0.37244259659200907,0.5966815119609237,NVIDIA A40,1,8,1,6499038,2020-07-01
30,140,0.22488611936569214,0.3742165705189109,0.5991071602329612,NVIDIA A40,1,8,1,6499038,2020-07-01
30,141,0.22381525952368975,0.3760163150727749,0.5998364333063364,NVIDIA A40,1,8,1,6499038,2020-07-01
30,142,0.22708726581186056,0.3785921223461628,0.6056842468678951,NVIDIA A40,1,8,1,6499038,2020-07-01
30,143,0.22573776822537184,0.3776854872703552,0.6034283861517906,NVIDIA A40,1,8,1,6499038,2020-07-01
30,144,0.2303802827373147,0.38198298681527376,0.6123684402555227,NVIDIA A40,1,8,1,6499038,2020-07-01
30,145,0.22932471241801977,0.3834082204848528,0.6127366982400417,NVIDIA A40,1,8,1,6499038,2020-07-01
30,146,0.2305394196882844,0.36041197646409273,0.5909556839615107,NVIDIA A40,1,8,1,6499038,2020-07-01
30,147,0.2212653923779726,0.36807600501924753,0.5893541323021054,NVIDIA A40,1,8,1,6499038,2020-07-01
30,148,0.221420812420547,0.3653974197804928,0.5868219994008541,NVIDIA A40,1,8,1,6499038,2020-07-01
30,149,0.22299471031874418,0.36901519261300564,0.5920143406838179,NVIDIA A40,1,8,1,6499038,2020-07-01
30,150,0.22199609875679016,0.3692056182771921,0.5912062460556626,NVIDIA A40,1,8,1,6499038,2020-07-01
30,151,0.2223621029406786,0.3632131265476346,0.5855795172974467,NVIDIA A40,1,8,1,6499038,2020-07-01
30,152,0.21876616310328245,0.3732923837378621,0.5920632146298885,NVIDIA A40,1,8,1,6499038,2020-07-01
30,153,0.2263406002894044,0.38557713385671377,0.6119227018207312,NVIDIA A40,1,8,1,6499038,2020-07-01
30,154,0.22286081314086914,0.36015933007001877,0.583024580962956,NVIDIA A40,1,8,1,6499038,2020-07-01
30,155,0.2187065789476037,0.36704580206424,0.5857576811686158,NVIDIA A40,1,8,1,6499038,2020-07-01
30,156,0.23127470444887877,0.3842132594436407,0.6154933031648397,NVIDIA A40,1,8,1,6499038,2020-07-01
30,157,0.22939254250377417,0.3768577743321657,0.6062564589083195,NVIDIA A40,1,8,1,6499038,2020-07-01
30,158,0.22807831410318613,0.3786716554313898,0.6067552277818322,NVIDIA A40,1,8,1,6499038,2020-07-01
30,159,0.2282145544886589,0.3786336649209261,0.6068539107218385,NVIDIA A40,1,8,1,6499038,2020-07-01
30,160,0.23009710758924484,0.38037134893238544,0.6104729268699884,NVIDIA A40,1,8,1,6499038,2020-07-01
30,161,0.22878844942897558,0.3792348224669695,0.6080294447019696,NVIDIA A40,1,8,1,6499038,2020-07-01
30,162,0.22806964628398418,0.3778562396764755,0.6059313770383596,NVIDIA A40,1,8,1,6499038,2020-07-01
30,163,0.2318391501903534,0.38231814466416836,0.6141628473997116,NVIDIA A40,1,8,1,6499038,2020-07-01
30,164,0.23122732248157263,0.382069687359035,0.6133024105802178,NVIDIA A40,1,8,1,6499038,2020-07-01
30,165,0.23142540454864502,0.38423767033964396,0.6156695252284408,NVIDIA A40,1,8,1,6499038,2020-07-01
30,166,0.23126629833132029,0.38459240179508924,0.6158725274726748,NVIDIA A40,1,8,1,6499038,2020-07-01
30,167,0.2313489867374301,0.38295358791947365,0.614307714626193,NVIDIA A40,1,8,1,6499038,2020-07-01
30,168,0.23157189693301916,0.38243934884667397,0.6140162758529186,NVIDIA A40,1,8,1,6499038,2020-07-01
30,169,0.23085264302790165,0.3831390654668212,0.6139981299638748,NVIDIA A40,1,8,1,6499038,2020-07-01
30,170,0.23116792924702168,0.38365735206753016,0.614832354709506,NVIDIA A40,1,8,1,6499038,2020-07-01
30,171,0.23127127811312675,0.38397025503218174,0.6152479741722345,NVIDIA A40,1,8,1,6499038,2020-07-01
30,172,0.23103208746761084,0.383243415504694,0.6142810946330428,NVIDIA A40,1,8,1,6499038,2020-07-01
30,173,0.23049155808985233,0.3821661826223135,0.6126633808016777,NVIDIA A40,1,8,1,6499038,2020-07-01
30,174,0.23072228021919727,0.3834901209920645,0.6142177125439048,NVIDIA A40,1,8,1,6499038,2020-07-01
30,175,0.23048979323357344,0.38275159895420074,0.6132466727867723,NVIDIA A40,1,8,1,6499038,2020-07-01
30,176,0.23064700607210398,0.3825187813490629,0.6131715597584844,NVIDIA A40,1,8,1,6499038,2020-07-01
30,177,0.23045858461409807,0.37269154004752636,0.6031562555581331,NVIDIA A40,1,8,1,6499038,2020-07-01
30,178,0.22626648750156164,0.3761514285579324,0.6024237675592303,NVIDIA A40,1,8,1,6499038,2020-07-01
30,179,0.22723450884222984,0.37585169170051813,0.603091231547296,NVIDIA A40,1,8,1,6499038,2020-07-01
30,180,0.22631079237908125,0.3769457070156932,0.6032618386670947,NVIDIA A40,1,8,1,6499038,2020-07-01
30,181,0.2234741933643818,0.37221176736056805,0.595691011287272,NVIDIA A40,1,8,1,6499038,2020-07-01
30,182,0.22427519410848618,0.37031801231205463,0.5945981573313475,NVIDIA A40,1,8,1,6499038,2020-07-01
30,183,0.22357498668134212,0.3736994806677103,0.5972885945811868,NVIDIA A40,1,8,1,6499038,2020-07-01
30,184,0.22557744104415178,0.3738463334739208,0.5994283715263009,NVIDIA A40,1,8,1,6499038,2020-07-01
30,185,0.22486660350114107,0.36981634702533484,0.5946874488145113,NVIDIA A40,1,8,1,6499038,2020-07-01
30,186,0.22263082209974527,0.36957033071666956,0.5922061325982213,NVIDIA A40,1,8,1,6499038,2020-07-01
30,187,0.22318574786186218,0.370934315957129,0.5941250752657652,NVIDIA A40,1,8,1,6499038,2020-07-01
30,188,0.2272280165925622,0.37598942313343287,0.6032230481505394,NVIDIA A40,1,8,1,6499038,2020-07-01
30,189,0.2275237049907446,0.3769500907510519,0.6044787354767323,NVIDIA A40,1,8,1,6499038,2020-07-01
30,190,0.227986135520041,0.3767776992172003,0.6047689337283373,NVIDIA A40,1,8,1,6499038,2020-07-01
30,191,0.22802974749356508,0.3779161889106035,0.6059508072212338,NVIDIA A40,1,8,1,6499038,2020-07-01
30,192,0.22770532499998808,0.3762450246140361,0.6039553582668304,NVIDIA A40,1,8,1,6499038,2020-07-01
30,193,0.22733927052468061,0.37651283014565706,0.6038574688136578,NVIDIA A40,1,8,1,6499038,2020-07-01
30,194,0.2272537061944604,0.38026837538927794,0.6075272299349308,NVIDIA A40,1,8,1,6499038,2020-07-01
30,195,0.22938403394073248,0.3796514282003045,0.6090411525219679,NVIDIA A40,1,8,1,6499038,2020-07-01
30,196,0.22906161472201347,0.3754510972648859,0.6045184815302491,NVIDIA A40,1,8,1,6499038,2020-07-01
30,197,0.21677565574645996,0.3582693077623844,0.575050625950098,NVIDIA A40,1,8,1,6499038,2020-07-01
30,198,0.21993654686957598,0.38294034637510777,0.6028829542919993,NVIDIA A40,1,8,1,6499038,2020-07-01
30,199,0.23055557906627655,0.38322889152914286,0.6137900799512863,NVIDIA A40,1,8,1,6499038,2020-07-01
30,200,0.23063799645751715,0.3823317652568221,0.612975561991334,NVIDIA A40,1,8,1,6499038,2020-07-01
90,1,1.7014459492638707,2.108262457884848,3.809714077040553,NVIDIA A40,1,8,1,6499038,2020-07-01
90,2,1.7114310376346111,2.1011117305606604,3.81254955008626,NVIDIA A40,1,8,1,6499038,2020-07-01
90,3,1.7374743353575468,2.171687708236277,3.9091676753014326,NVIDIA A40,1,8,1,6499038,2020-07-01
90,4,1.7765082009136677,2.0736933210864663,3.8502072729170322,NVIDIA A40,1,8,1,6499038,2020-07-01
90,5,1.7041110582649708,2.0872657522559166,3.79138280171901,NVIDIA A40,1,8,1,6499038,2020-07-01
90,6,1.7331125568598509,2.072957589291036,3.8060751650482416,NVIDIA A40,1,8,1,6499038,2020-07-01
90,7,1.7072528582066298,2.159069429151714,3.8663279190659523,NVIDIA A40,1,8,1,6499038,2020-07-01
90,8,1.7695668451488018,2.1492633633315563,3.9188356390222907,NVIDIA A40,1,8,1,6499038,2020-07-01
90,9,1.7650529500097036,2.145704227499664,3.9107626667246222,NVIDIA A40,1,8,1,6499038,2020-07-01
90,10,1.745677844621241,2.1463622264564037,3.892045480199158,NVIDIA A40,1,8,1,6499038,2020-07-01
90,11,1.7653600070625544,2.121573641896248,3.8869393905624747,NVIDIA A40,1,8,1,6499038,2020-07-01
90,12,1.7232736963778734,2.106628770008683,3.8299079472199082,NVIDIA A40,1,8,1,6499038,2020-07-01
90,13,1.7529724845662713,2.1539497012272477,3.906927856616676,NVIDIA A40,1,8,1,6499038,2020-07-01
90,14,1.7656423896551132,2.1417342890053988,3.9073827592656016,NVIDIA A40,1,8,1,6499038,2020-07-01
90,15,1.759845913387835,2.139556377194822,3.89940925501287,NVIDIA A40,1,8,1,6499038,2020-07-01
90,16,1.7381614334881306,2.1138150710612535,3.851982306689024,NVIDIA A40,1,8,1,6499038,2020-07-01
90,17,1.7150141494348645,2.145622568204999,3.860643149353564,NVIDIA A40,1,8,1,6499038,2020-07-01
90,18,1.711103556677699,2.0797529481351376,3.7908633667975664,NVIDIA A40,1,8,1,6499038,2020-07-01
90,19,1.7688904041424394,2.135948141105473,3.904846701771021,NVIDIA A40,1,8,1,6499038,2020-07-01
90,20,1.6808462869375944,2.093963833525777,3.774815931916237,NVIDIA A40,1,8,1,6499038,2020-07-01
90,21,1.746139269322157,2.1280892807990313,3.874235635623336,NVIDIA A40,1,8,1,6499038,2020-07-01
90,22,1.714919394813478,2.102863445878029,3.8177901348099113,NVIDIA A40,1,8,1,6499038,2020-07-01
90,23,1.724048862233758,2.068085447885096,3.792139903642237,NVIDIA A40,1,8,1,6499038,2020-07-01
90,24,1.6950746141374111,2.1045841947197914,3.799664407968521,NVIDIA A40,1,8,1,6499038,2020-07-01
90,25,1.7397199235856533,2.1345811681821942,3.8743069926276803,NVIDIA A40,1,8,1,6499038,2020-07-01
90,26,1.7423054575920105,2.1254587965086102,3.8677718192338943,NVIDIA A40,1,8,1,6499038,2020-07-01
90,27,1.740486478433013,2.1246901964768767,3.8651825254783034,NVIDIA A40,1,8,1,6499038,2020-07-01
90,28,1.740531824529171,2.1246098624542356,3.865161475725472,NVIDIA A40,1,8,1,6499038,2020-07-01
90,29,1.6937917452305555,2.0940846409648657,3.787881546653807,NVIDIA A40,1,8,1,6499038,2020-07-01
90,30,1.723867011256516,2.131724181585014,3.8555979765951633,NVIDIA A40,1,8,1,6499038,2020-07-01
90,31,1.7537956554442644,2.088327799923718,3.8421291867271066,NVIDIA A40,1,8,1,6499038,2020-07-01
90,32,1.714603059925139,2.0587636418640614,3.773372774012387,NVIDIA A40,1,8,1,6499038,2020-07-01
90,33,1.7194132544100285,2.1019776966422796,3.821396584622562,NVIDIA A40,1,8,1,6499038,2020-07-01
90,34,1.704201316460967,2.0604407787323,3.7646491192281246,NVIDIA A40,1,8,1,6499038,2020-07-01
90,35,1.7396698407828808,2.1024280032142997,3.8421045150607824,NVIDIA A40,1,8,1,6499038,2020-07-01
90,36,1.68992929905653,2.0993504216894507,3.7892859913408756,NVIDIA A40,1,8,1,6499038,2020-07-01
90,37,1.7523506907746196,2.110607611015439,3.862965657375753,NVIDIA A40,1,8,1,6499038,2020-07-01
90,38,1.7274857200682163,2.129122235812247,3.8566139563918114,NVIDIA A40,1,8,1,6499038,2020-07-01
90,39,1.7412787275388837,2.12811413500458,3.8693991359323263,NVIDIA A40,1,8,1,6499038,2020-07-01
90,40,1.7547964723780751,2.1096404660493135,3.864441938698292,NVIDIA A40,1,8,1,6499038,2020-07-01
90,41,1.7448736624792218,2.1240515457466245,3.8689319593831897,NVIDIA A40,1,8,1,6499038,2020-07-01
90,42,1.7140497518703341,2.134179743938148,3.8482364593073726,NVIDIA A40,1,8,1,6499038,2020-07-01
90,43,1.7523657567799091,2.1158312484622,3.868203477934003,NVIDIA A40,1,8,1,6499038,2020-07-01
90,44,1.705784235149622,2.0764856673777103,3.782277710735798,NVIDIA A40,1,8,1,6499038,2020-07-01
90,45,1.7000712100416422,2.130948359146714,3.831025310792029,NVIDIA A40,1,8,1,6499038,2020-07-01
90,46,1.765835165977478,2.131956190802157,3.897796996869147,NVIDIA A40,1,8,1,6499038,2020-07-01
90,47,1.7393179638311267,2.108034310862422,3.847358537837863,NVIDIA A40,1,8,1,6499038,2020-07-01
90,48,1.7601983100175858,2.151464244350791,3.911668837070465,NVIDIA A40,1,8,1,6499038,2020-07-01
90,49,1.7500289771705866,2.1373649928718805,3.8873997712507844,NVIDIA A40,1,8,1,6499038,2020-07-01
90,50,1.7596904262900352,2.1457543643191457,3.9054500609636307,NVIDIA A40,1,8,1,6499038,2020-07-01
90,51,1.7730013970285654,2.1590157505124807,3.93202409055084,NVIDIA A40,1,8,1,6499038,2020-07-01
90,52,1.770257307216525,2.09571735560894,3.8659807965159416,NVIDIA A40,1,8,1,6499038,2020-07-01
90,53,1.7549983719363809,2.1381390811875463,3.893143064342439,NVIDIA A40,1,8,1,6499038,2020-07-01
90,54,1.710829958319664,2.150380354374647,3.8612167751416564,NVIDIA A40,1,8,1,6499038,2020-07-01
90,55,1.7260959818959236,2.0994541281834245,3.825555870309472,NVIDIA A40,1,8,1,6499038,2020-07-01
90,56,1.7432761779055,2.126086041331291,3.869367890059948,NVIDIA A40,1,8,1,6499038,2020-07-01
90,57,1.7417729934677482,2.1268117651343346,3.8685921523720026,NVIDIA A40,1,8,1,6499038,2020-07-01
90,58,1.7577701238915324,2.139010035432875,3.8967864336445928,NVIDIA A40,1,8,1,6499038,2020-07-01
90,59,1.7343938648700714,2.127261751331389,3.8616627799347043,NVIDIA A40,1,8,1,6499038,2020-07-01
90,60,1.7710115741938353,2.089937763288617,3.8609550269320607,NVIDIA A40,1,8,1,6499038,2020-07-01
90,61,1.7498039146885276,2.1073794970288873,3.857189622707665,NVIDIA A40,1,8,1,6499038,2020-07-01
90,62,1.677650230936706,2.0678822295740247,3.7455390319228172,NVIDIA A40,1,8,1,6499038,2020-07-01
90,63,1.7119577527046204,2.064604502171278,3.776569088920951,NVIDIA A40,1,8,1,6499038,2020-07-01
90,64,1.7471872894093394,2.1318972930312157,3.879090452566743,NVIDIA A40,1,8,1,6499038,2020-07-01
90,65,1.7689092913642526,2.130284959450364,3.8992000008001924,NVIDIA A40,1,8,1,6499038,2020-07-01
90,66,1.7616258338093758,2.147256222553551,3.908889370970428,NVIDIA A40,1,8,1,6499038,2020-07-01
90,67,1.7100592330098152,2.0664795683696866,3.776545095257461,NVIDIA A40,1,8,1,6499038,2020-07-01
90,68,1.7227933248504996,2.0621842546388507,3.7849846836179495,NVIDIA A40,1,8,1,6499038,2020-07-01
90,69,1.73955412581563,2.150440032593906,3.8900016816332936,NVIDIA A40,1,8,1,6499038,2020-07-01
90,70,1.76438298355788,2.1515626460313797,3.9159516002982855,NVIDIA A40,1,8,1,6499038,2020-07-01
90,71,1.7389939408749342,2.119653600268066,3.858653301373124,NVIDIA A40,1,8,1,6499038,2020-07-01
90,72,1.7493494367226958,2.1263798717409372,3.875735690817237,NVIDIA A40,1,8,1,6499038,2020-07-01
90,73,1.747770469635725,2.062923531048,3.8107005218043923,NVIDIA A40,1,8,1,6499038,2020-07-01
90,74,1.7303317487239838,2.1115224473178387,3.8418605076149106,NVIDIA A40,1,8,1,6499038,2020-07-01
90,75,1.711658189073205,2.144198479130864,3.8558642519637942,NVIDIA A40,1,8,1,6499038,2020-07-01
90,76,1.7616805275902152,2.1401963382959366,3.901882647536695,NVIDIA A40,1,8,1,6499038,2020-07-01
90,77,1.759355933405459,2.129675596021116,3.889037220738828,NVIDIA A40,1,8,1,6499038,2020-07-01
90,78,1.7262717112898827,2.1080694580450654,3.8343469696119428,NVIDIA A40,1,8,1,6499038,2020-07-01
90,79,1.7293950906023383,2.111350721679628,3.840754217468202,NVIDIA A40,1,8,1,6499038,2020-07-01
90,80,1.7379956096410751,2.1022529266774654,3.840254755690694,NVIDIA A40,1,8,1,6499038,2020-07-01
90,81,1.7377378828823566,2.1028593434020877,3.84060428943485,NVIDIA A40,1,8,1,6499038,2020-07-01
90,82,1.6801877189427614,2.047265414148569,3.727459595538676,NVIDIA A40,1,8,1,6499038,2020-07-01
90,83,1.6960310889407992,2.1312805768102407,3.8273181281983852,NVIDIA A40,1,8,1,6499038,2020-07-01
90,84,1.753312905319035,2.116636900231242,3.869955756701529,NVIDIA A40,1,8,1,6499038,2020-07-01
90,85,1.7455397080630064,2.082614107057452,3.8281596563756466,NVIDIA A40,1,8,1,6499038,2020-07-01
90,86,1.6902405330911279,2.140300194732845,3.830548031255603,NVIDIA A40,1,8,1,6499038,2020-07-01
90,87,1.7430399972945452,2.119424537755549,3.8624724904075265,NVIDIA A40,1,8,1,6499038,2020-07-01
90,88,1.736962172202766,2.123174994252622,3.8601449308916926,NVIDIA A40,1,8,1,6499038,2020-07-01
90,89,1.7146640187129378,2.128702810034156,3.843373932875693,NVIDIA A40,1,8,1,6499038,2020-07-01
90,90,1.7483945889398456,2.1305854003876448,3.878985389135778,NVIDIA A40,1,8,1,6499038,2020-07-01
90,91,1.7242473950609565,2.076953194104135,3.8012063708156347,NVIDIA A40,1,8,1,6499038,2020-07-01
90,92,1.750420575030148,2.061144268140197,3.8115706527605653,NVIDIA A40,1,8,1,6499038,2020-07-01
90,93,1.7407140377908945,2.1134800650179386,3.854199963621795,NVIDIA A40,1,8,1,6499038,2020-07-01
90,94,1.721015245653689,2.064561695791781,3.7855833545327187,NVIDIA A40,1,8,1,6499038,2020-07-01
90,95,1.6950258575379848,2.050158922560513,3.745190399698913,NVIDIA A40,1,8,1,6499038,2020-07-01
90,96,1.6960815079510212,2.098560681566596,3.7946487301960588,NVIDIA A40,1,8,1,6499038,2020-07-01
90,97,1.7492624204605818,2.117624219506979,3.866893452592194,NVIDIA A40,1,8,1,6499038,2020-07-01
90,98,1.687434279359877,2.102562570013106,3.7900027111172676,NVIDIA A40,1,8,1,6499038,2020-07-01
90,99,1.7267250772565603,2.069087306037545,3.7958187060430646,NVIDIA A40,1,8,1,6499038,2020-07-01
90,100,1.7554812682792544,2.1348059736192226,3.890293713659048,NVIDIA A40,1,8,1,6499038,2020-07-01
90,101,1.6915278872475028,2.1308419657871127,3.8223769878968596,NVIDIA A40,1,8,1,6499038,2020-07-01
90,102,1.7492917096242309,2.1409629499539733,3.8902609311044216,NVIDIA A40,1,8,1,6499038,2020-07-01
90,103,1.7537886425852776,2.0885959854349494,3.8423902289941907,NVIDIA A40,1,8,1,6499038,2020-07-01
90,104,1.6906004156917334,2.1312047382816672,3.8218119870871305,NVIDIA A40,1,8,1,6499038,2020-07-01
90,105,1.768101622350514,2.155768950469792,3.9238769663497806,NVIDIA A40,1,8,1,6499038,2020-07-01
90,106,1.7072548801079392,2.122589251026511,3.829850141890347,NVIDIA A40,1,8,1,6499038,2020-07-01
90,107,1.7113434886559844,2.063212566077709,3.7745616547763348,NVIDIA A40,1,8,1,6499038,2020-07-01
90,108,1.7028891695663333,2.133318484760821,3.8362139258533716,NVIDIA A40,1,8,1,6499038,2020-07-01
90,109,1.7498294962570071,2.080557548440993,3.830393336713314,NVIDIA A40,1,8,1,6499038,2020-07-01
90,110,1.682005456648767,2.046037018299103,3.728049198165536,NVIDIA A40,1,8,1,6499038,2020-07-01
90,111,1.6803119778633118,2.102487494237721,3.7828053142875433,NVIDIA A40,1,8,1,6499038,2020-07-01
90,112,1.7620397228747606,2.1450612396001816,3.9071086468175054,NVIDIA A40,1,8,1,6499038,2020-07-01
90,113,1.6788586555048823,2.083014275878668,3.7618788331747055,NVIDIA A40,1,8,1,6499038,2020-07-01
90,114,1.738877648487687,2.1246655769646168,3.863548954948783,NVIDIA A40,1,8,1,6499038,2020-07-01
90,115,1.7364218216389418,2.0660171741619706,3.802445027977228,NVIDIA A40,1,8,1,6499038,2020-07-01
90,116,1.6802852656692266,2.093482706695795,3.7737745540216565,NVIDIA A40,1,8,1,6499038,2020-07-01
90,117,1.7318589184433222,2.100218156352639,3.832084037363529,NVIDIA A40,1,8,1,6499038,2020-07-01
90,118,1.7158230831846595,2.1559369368478656,3.871766021475196,NVIDIA A40,1,8,1,6499038,2020-07-01
90,119,1.7303500045090914,2.121103142388165,3.8514598794281483,NVIDIA A40,1,8,1,6499038,2020-07-01
90,120,1.7386865047737956,2.1125150276347995,3.851207673549652,NVIDIA A40,1,8,1,6499038,2020-07-01
90,121,1.6816744953393936,2.0841453494504094,3.7658266089856625,NVIDIA A40,1,8,1,6499038,2020-07-01
90,122,1.7280109822750092,2.1160230664536357,3.8440400110557675,NVIDIA A40,1,8,1,6499038,2020-07-01
90,123,1.7330812495201826,2.1049733348190784,3.838062269613147,NVIDIA A40,1,8,1,6499038,2020-07-01
90,124,1.767801440320909,2.1493023335933685,3.917111719958484,NVIDIA A40,1,8,1,6499038,2020-07-01
90,125,1.7434090925380588,2.1257178438827395,3.869132596999407,NVIDIA A40,1,8,1,6499038,2020-07-01
90,126,1.75959568656981,2.156439747661352,3.9160416973754764,NVIDIA A40,1,8,1,6499038,2020-07-01
90,127,1.7644418124109507,2.1492574773728848,3.9137057419866323,NVIDIA A40,1,8,1,6499038,2020-07-01
90,128,1.7617189232259989,2.114544085226953,3.8762686885893345,NVIDIA A40,1,8,1,6499038,2020-07-01
90,129,1.7075762413442135,2.053203430958092,3.7607867559418082,NVIDIA A40,1,8,1,6499038,2020-07-01
90,130,1.7465174486860633,2.1594352805987,3.9059597617015243,NVIDIA A40,1,8,1,6499038,2020-07-01
90,131,1.7660286901518703,2.157093324698508,3.923129828646779,NVIDIA A40,1,8,1,6499038,2020-07-01
90,132,1.7682586405426264,2.06654239166528,3.834807764738798,NVIDIA A40,1,8,1,6499038,2020-07-01
90,133,1.6860000370070338,2.0908483527600765,3.7768539804965258,NVIDIA A40,1,8,1,6499038,2020-07-01
90,134,1.7556301774457097,2.156639475375414,3.912275806069374,NVIDIA A40,1,8,1,6499038,2020-07-01
90,135,1.7714184736832976,2.1549955615773797,3.9264203179627657,NVIDIA A40,1,8,1,6499038,2020-07-01
90,136,1.7682794537395239,2.1472413782030344,3.9155266722664237,NVIDIA A40,1,8,1,6499038,2020-07-01
90,137,1.680420521646738,2.105851328931749,3.786277641542256,NVIDIA A40,1,8,1,6499038,2020-07-01
90,138,1.680122148245573,2.120531739667058,3.80066149123013,NVIDIA A40,1,8,1,6499038,2020-07-01
90,139,1.7436506319791079,2.130976038053632,3.874632641673088,NVIDIA A40,1,8,1,6499038,2020-07-01
90,140,1.7466115299612284,2.12651371024549,3.8731317026540637,NVIDIA A40,1,8,1,6499038,2020-07-01
90,141,1.7068530200049281,2.1008007368072867,3.807659987360239,NVIDIA A40,1,8,1,6499038,2020-07-01
90,142,1.7454401114955544,2.131040402688086,3.876486785709858,NVIDIA A40,1,8,1,6499038,2020-07-01
90,143,1.701277351938188,2.044589200988412,3.745873016305268,NVIDIA A40,1,8,1,6499038,2020-07-01
90,144,1.7024515913799405,2.0667845401912928,3.769241382367909,NVIDIA A40,1,8,1,6499038,2020-07-01
90,145,1.7028300436213613,2.122503257356584,3.825339322909713,NVIDIA A40,1,8,1,6499038,2020-07-01
90,146,1.7061151582747698,2.1151196593418717,3.8212405992671847,NVIDIA A40,1,8,1,6499038,2020-07-01
90,147,1.7463122829794884,2.1134742945432663,3.859792048111558,NVIDIA A40,1,8,1,6499038,2020-07-01
90,148,1.7431129273027182,2.143540165387094,3.886659705080092,NVIDIA A40,1,8,1,6499038,2020-07-01
90,149,1.7495934553444386,2.126976191997528,3.8765759207308292,NVIDIA A40,1,8,1,6499038,2020-07-01
90,150,1.7217223886400461,2.137439753860235,3.8591688740998507,NVIDIA A40,1,8,1,6499038,2020-07-01
90,151,1.7576306331902742,2.1650432273745537,3.9226803509518504,NVIDIA A40,1,8,1,6499038,2020-07-01
90,152,1.7012161510065198,2.090047941543162,3.7912705559283495,NVIDIA A40,1,8,1,6499038,2020-07-01
90,153,1.7418644549325109,2.136014338582754,3.877885756082833,NVIDIA A40,1,8,1,6499038,2020-07-01
90,154,1.7482372634112835,2.0791287319734693,3.8273718766868114,NVIDIA A40,1,8,1,6499038,2020-07-01
90,155,1.7367751384153962,2.078244199976325,3.8150257524102926,NVIDIA A40,1,8,1,6499038,2020-07-01
90,156,1.6867889873683453,2.1276256581768394,3.8144202362746,NVIDIA A40,1,8,1,6499038,2020-07-01
90,157,1.6945753106847405,2.1147498916834593,3.8093339195474982,NVIDIA A40,1,8,1,6499038,2020-07-01
90,158,1.7470219237729907,2.132233333773911,3.879261731170118,NVIDIA A40,1,8,1,6499038,2020-07-01
90,159,1.719089743681252,2.1419483264908195,3.8610455449670553,NVIDIA A40,1,8,1,6499038,2020-07-01
90,160,1.7577299429103732,2.0642386842519045,3.8219747692346573,NVIDIA A40,1,8,1,6499038,2020-07-01
90,161,1.6810920117422938,2.058628278784454,3.7397262919694185,NVIDIA A40,1,8,1,6499038,2020-07-01
90,162,1.7335100108757615,2.101954805664718,3.835470387712121,NVIDIA A40,1,8,1,6499038,2020-07-01
90,163,1.736201912164688,2.1031089276075363,3.8393180426210165,NVIDIA A40,1,8,1,6499038,2020-07-01
90,164,1.72390765696764,2.147849403321743,3.871762739494443,NVIDIA A40,1,8,1,6499038,2020-07-01
90,165,1.7554592862725258,2.1399650629609823,3.895430571399629,NVIDIA A40,1,8,1,6499038,2020-07-01
90,166,1.7452175486832857,2.1260810494422913,3.8713049311190844,NVIDIA A40,1,8,1,6499038,2020-07-01
90,167,1.744654550217092,2.072824688628316,3.8174878051504493,NVIDIA A40,1,8,1,6499038,2020-07-01
90,168,1.724866084754467,2.128302225843072,3.8531741620972753,NVIDIA A40,1,8,1,6499038,2020-07-01
90,169,1.7554379291832447,2.1359645184129477,3.8914086995646358,NVIDIA A40,1,8,1,6499038,2020-07-01
90,170,1.7513470966368914,2.1020109057426453,3.8533630836755037,NVIDIA A40,1,8,1,6499038,2020-07-01
90,171,1.735028757713735,2.1538475612178445,3.888883071951568,NVIDIA A40,1,8,1,6499038,2020-07-01
90,172,1.7683700118213892,2.1446695420891047,3.913044834509492,NVIDIA A40,1,8,1,6499038,2020-07-01
90,173,1.764670543372631,2.1283058347180486,3.892981839366257,NVIDIA A40,1,8,1,6499038,2020-07-01
90,174,1.6852861754596233,2.034755860455334,3.720047657378018,NVIDIA A40,1,8,1,6499038,2020-07-01
90,175,1.7085563223809004,2.132162687368691,3.8407253101468086,NVIDIA A40,1,8,1,6499038,2020-07-01
90,176,1.74075941555202,2.0543145751580596,3.7950800713151693,NVIDIA A40,1,8,1,6499038,2020-07-01
90,177,1.6559486165642738,2.0587132377550006,3.714668756350875,NVIDIA A40,1,8,1,6499038,2020-07-01
90,178,1.6560367457568645,2.0986621361225843,3.7547047920525074,NVIDIA A40,1,8,1,6499038,2020-07-01
90,179,1.7322574714198709,2.10003796312958,3.83230088558048,NVIDIA A40,1,8,1,6499038,2020-07-01
90,180,1.717155053280294,2.150693633593619,3.8678545085713267,NVIDIA A40,1,8,1,6499038,2020-07-01
90,181,1.7563667437061667,2.1330957021564245,3.8894709926098585,NVIDIA A40,1,8,1,6499038,2020-07-01
90,182,1.7234641229733825,2.1172877456992865,3.840759802609682,NVIDIA A40,1,8,1,6499038,2020-07-01
90,183,1.7183987637981772,2.0540592428296804,3.772463236004114,NVIDIA A40,1,8,1,6499038,2020-07-01
90,184,1.680614085868001,2.1117518628016114,3.792373183183372,NVIDIA A40,1,8,1,6499038,2020-07-01
90,185,1.7329693073406816,2.107466807588935,3.8404419468715787,NVIDIA A40,1,8,1,6499038,2020-07-01
90,186,1.7314379997551441,2.062744834460318,3.7941888784989715,NVIDIA A40,1,8,1,6499038,2020-07-01
90,187,1.6702525494620204,2.1345160035416484,3.804774945601821,NVIDIA A40,1,8,1,6499038,2020-07-01
90,188,1.7667621122673154,2.10281920991838,3.8695877138525248,NVIDIA A40,1,8,1,6499038,2020-07-01
90,189,1.730438569560647,2.0938706919550896,3.824315022677183,NVIDIA A40,1,8,1,6499038,2020-07-01
90,190,1.7010126998648047,2.080979115329683,3.7819979367777705,NVIDIA A40,1,8,1,6499038,2020-07-01
90,191,1.6875578006729484,2.088532638736069,3.7760972008109093,NVIDIA A40,1,8,1,6499038,2020-07-01
90,192,1.7391122542321682,2.1105885533615947,3.8497078912332654,NVIDIA A40,1,8,1,6499038,2020-07-01
90,193,1.7380282375961542,2.1228713374584913,3.86090577673167,NVIDIA A40,1,8,1,6499038,2020-07-01
90,194,1.7468487797304988,2.116844490170479,3.8637012653052807,NVIDIA A40,1,8,1,6499038,2020-07-01
90,195,1.7330441689118743,2.104930715635419,3.8379809260368347,NVIDIA A40,1,8,1,6499038,2020-07-01
90,196,1.7161150462925434,2.107202430255711,3.823325140401721,NVIDIA A40,1,8,1,6499038,2020-07-01
90,197,1.7428731732070446,2.050271646119654,3.7931516021490097,NVIDIA A40,1,8,1,6499038,2020-07-01
90,198,1.6782057732343674,2.022601523436606,3.7008146615698934,NVIDIA A40,1,8,1,6499038,2020-07-01
90,199,1.688032390549779,2.0533591164276004,3.741397690027952,NVIDIA A40,1,8,1,6499038,2020-07-01
90,200,1.67421561665833,2.078419771976769,3.7526411581784487,NVIDIA A40,1,8,1,6499038,2020-07-01
